[
  { "word": "Cat", "type": ["animal"] },
  { "word": "Truck", "type": ["car"] },
  { "word": "Dog", "type": ["animal"] },
  { "word": "Ball", "type": ["thing"] },
  { "word": "Car", "type": ["car"] },
  { "word": "Ford", "type": ["car"] },
  { "word": "Alien", "type": ["thing"] },
  { "word": "Bug", "type": ["animal"] },
  { "word": "Bee", "type": ["animal"] },
  { "word": "Jaguar", "type": ["car"] },
  { "word": "Kia", "type": ["car"] },
  { "word": "Deer", "type": ["animal"] },
  { "word": "Cow", "type": ["animal"] },
  { "word": "Bat", "type": ["animal"] },
  { "word": "Hat", "type": ["thing"] },
  { "word": "Pig", "type": ["animal"] },
  { "word": "Person", "type": ["person"] },
  { "word": "Zebra", "type": ["animal"] },
  { "word": "Lion", "type": ["animal"] },
  { "word": "Sloth", "type": ["animal"] },
  { "word": "Panda", "type": ["animal"] },
  { "word": "Frog", "type": ["animal"] },
  { "word": "Clam", "type": ["animal"] },
  { "word": "Box", "type": ["thing"] },
  { "word": "Book", "type": ["thing"] },
  { "word": "Lexus", "type": ["car"] },
  { "word": "Honda", "type": ["car"] },
  { "word": "Pacifica", "type": ["car"] },
  { "word": "Boy", "type": ["person"] },
  { "word": "Girl", "type": ["person"] },
  { "word": "BMW", "type": ["car"] }
]